{
  "generatedAt": "2026-06-18T20:38:53.023Z",
  "options": {
    "levels": [
      100,
      500,
      1000,
      5000
    ],
    "maxActive": 128,
    "payloadBytes": 256,
    "timeoutMs": 2000
  },
  "scenarios": [
    {
      "targetConcurrency": 100,
      "effectiveConcurrency": 100,
      "totalConnections": 100,
      "successes": 100,
      "failures": 0,
      "bytes": 51200,
      "durationMs": 44.60216599999998,
      "throughputMbps": 9.183410509704846,
      "latencyP50Ms": 19.272334,
      "latencyP95Ms": 26.865583999999984,
      "latencyP99Ms": 27.18825000000001,
      "cpuUserMs": 48.061,
      "cpuSystemMs": 8.785,
      "rssBeforeBytes": 96468992,
      "rssAfterBytes": 104448000,
      "heapUsedBeforeBytes": 12001880,
      "heapUsedAfterBytes": 12358552
    },
    {
      "targetConcurrency": 500,
      "effectiveConcurrency": 128,
      "totalConnections": 500,
      "successes": 500,
      "failures": 0,
      "bytes": 256000,
      "durationMs": 96.69324999999998,
      "throughputMbps": 21.180382291421587,
      "latencyP50Ms": 20.878667000000007,
      "latencyP95Ms": 23.489625000000018,
      "latencyP99Ms": 24.32695799999999,
      "cpuUserMs": 106.235,
      "cpuSystemMs": 29.953,
      "rssBeforeBytes": 104448000,
      "rssAfterBytes": 113967104,
      "heapUsedBeforeBytes": 12380600,
      "heapUsedAfterBytes": 18561944
    },
    {
      "targetConcurrency": 1000,
      "effectiveConcurrency": 128,
      "totalConnections": 1000,
      "successes": 1000,
      "failures": 0,
      "bytes": 512000,
      "durationMs": 151.586458,
      "throughputMbps": 27.020883356216427,
      "latencyP50Ms": 17.253750000000025,
      "latencyP95Ms": 20.291458999999975,
      "latencyP99Ms": 20.641958999999986,
      "cpuUserMs": 198.944,
      "cpuSystemMs": 57.112,
      "rssBeforeBytes": 113967104,
      "rssAfterBytes": 134004736,
      "heapUsedBeforeBytes": 18620360,
      "heapUsedAfterBytes": 24460624
    },
    {
      "targetConcurrency": 5000,
      "effectiveConcurrency": 128,
      "totalConnections": 5000,
      "successes": 5000,
      "failures": 0,
      "bytes": 2560000,
      "durationMs": 583.945208,
      "throughputMbps": 35.07178365268818,
      "latencyP50Ms": 14.12620800000002,
      "latencyP95Ms": 17.822708000000034,
      "latencyP99Ms": 21.1909169999999,
      "cpuUserMs": 462.957,
      "cpuSystemMs": 236.01,
      "rssBeforeBytes": 134004736,
      "rssAfterBytes": 153894912,
      "heapUsedBeforeBytes": 24611024,
      "heapUsedAfterBytes": 19972864
    }
  ],
  "engineStats": {
    "activeConnections": 0,
    "totalConnections": 6600,
    "failedConnections": 0,
    "closedConnections": 6600,
    "rejectedConnections": 0,
    "bytesClientToRemote": 1689600,
    "bytesRemoteToClient": 1689600,
    "totalBytes": 3379200,
    "averageConnectionDurationMs": 1.230909090909091,
    "failureRate": 0,
    "uptimeMs": 881,
    "udpPacketsClientToRemote": 0,
    "udpPacketsRemoteToClient": 0,
    "udpBytesClientToRemote": 0,
    "udpBytesRemoteToClient": 0,
    "routeMatchesTotal": 6600,
    "outboundFailuresTotal": 0,
    "dnsQueriesTotal": 0,
    "dnsFailuresTotal": 0,
    "hotReloadTotal": 0,
    "hotReloadFailuresTotal": 0
  },
  "leakSnapshot": {
    "activeSockets": 0,
    "activeTimers": 0,
    "activeListeners": 0,
    "trackedEmitters": 0,
    "warnings": []
  },
  "resourceSnapshot": {
    "maxConnections": 5100,
    "activeConnections": 0,
    "rejectedConnections": 0
  },
  "bottlenecks": [
    "highest p95 latency at target 100: 26.87ms",
    "local file-descriptor safety cap limited effective concurrency for high target levels"
  ],
  "recommendations": [
    "run with a higher --max-active value on hosts with a higher ulimit -n to validate true 5000 simultaneous sockets",
    "compare rssAfterBytes and heapUsedAfterBytes over repeated runs to detect growth trends",
    "profile with node --cpu-prof when p95 latency grows faster than throughput",
    "current benchmark completed without failed requests"
  ]
}
