{
  "generatedAt": "2026-06-22T22:11:08.826Z",
  "options": {
    "levels": [
      100,
      500,
      1000,
      5000
    ],
    "maxActive": 128,
    "payloadBytes": 256,
    "timeoutMs": 2000,
    "bindHost": "127.0.0.1",
    "bindPort": 0,
    "disableIpv6": true
  },
  "scenarios": [
    {
      "targetConcurrency": 100,
      "effectiveConcurrency": 100,
      "totalConnections": 100,
      "successes": 100,
      "failures": 0,
      "bytes": 51200,
      "durationMs": 43.039957999999984,
      "throughputMbps": 9.51673791131488,
      "latencyP50Ms": 17.470250000000007,
      "latencyP95Ms": 25.116208999999998,
      "latencyP99Ms": 25.30312500000001,
      "cpuUserMs": 45.916,
      "cpuSystemMs": 8.099,
      "rssBeforeBytes": 94748672,
      "rssAfterBytes": 101761024,
      "heapUsedBeforeBytes": 13509368,
      "heapUsedAfterBytes": 15992784
    },
    {
      "targetConcurrency": 500,
      "effectiveConcurrency": 128,
      "totalConnections": 500,
      "successes": 500,
      "failures": 0,
      "bytes": 256000,
      "durationMs": 114.90449999999998,
      "throughputMbps": 17.823496903950677,
      "latencyP50Ms": 23.077416999999997,
      "latencyP95Ms": 34.370374999999996,
      "latencyP99Ms": 34.527165999999994,
      "cpuUserMs": 126.402,
      "cpuSystemMs": 37.113,
      "rssBeforeBytes": 101777408,
      "rssAfterBytes": 115998720,
      "heapUsedBeforeBytes": 16017728,
      "heapUsedAfterBytes": 18095440
    },
    {
      "targetConcurrency": 1000,
      "effectiveConcurrency": 128,
      "totalConnections": 1000,
      "successes": 1000,
      "failures": 0,
      "bytes": 512000,
      "durationMs": 174.77216700000002,
      "throughputMbps": 23.436225975272134,
      "latencyP50Ms": 20.505042000000003,
      "latencyP95Ms": 24.66550000000001,
      "latencyP99Ms": 25.178334000000007,
      "cpuUserMs": 227.265,
      "cpuSystemMs": 68.619,
      "rssBeforeBytes": 115998720,
      "rssAfterBytes": 133840896,
      "heapUsedBeforeBytes": 18152776,
      "heapUsedAfterBytes": 23055864
    },
    {
      "targetConcurrency": 5000,
      "effectiveConcurrency": 128,
      "totalConnections": 5000,
      "successes": 5000,
      "failures": 0,
      "bytes": 2560000,
      "durationMs": 591.100375,
      "throughputMbps": 34.647245825212,
      "latencyP50Ms": 14.366083000000003,
      "latencyP95Ms": 16.959791999999993,
      "latencyP99Ms": 22.22029100000009,
      "cpuUserMs": 465.721,
      "cpuSystemMs": 241.952,
      "rssBeforeBytes": 133840896,
      "rssAfterBytes": 152387584,
      "heapUsedBeforeBytes": 23196888,
      "heapUsedAfterBytes": 29342408
    }
  ],
  "engineStats": {
    "activeConnections": 0,
    "totalConnections": 6600,
    "failedConnections": 0,
    "closedConnections": 6600,
    "rejectedConnections": 0,
    "bytesClientToRemote": 1689600,
    "bytesRemoteToClient": 1689600,
    "totalBytes": 3379200,
    "averageConnectionDurationMs": 1.4257575757575758,
    "failureRate": 0,
    "uptimeMs": 928,
    "udpPacketsClientToRemote": 0,
    "udpPacketsRemoteToClient": 0,
    "udpBytesClientToRemote": 0,
    "udpBytesRemoteToClient": 0,
    "udpSessionsTotal": 0,
    "udpSessionsActive": 0,
    "udpErrorsTotal": 0,
    "routeMatchesTotal": 6600,
    "outboundFailuresTotal": 0,
    "dnsQueriesTotal": 0,
    "dnsFailuresTotal": 0,
    "hotReloadTotal": 0,
    "hotReloadFailuresTotal": 0,
    "fakeIpAssignmentsTotal": 0,
    "dashboardRequestsTotal": 0,
    "dashboardErrorsTotal": 0
  },
  "leakSnapshot": {
    "activeSockets": 0,
    "activeTimers": 0,
    "activeListeners": 0,
    "trackedEmitters": 0,
    "warnings": []
  },
  "resourceSnapshot": {
    "maxConnections": 5100,
    "activeConnections": 0,
    "rejectedConnections": 0
  },
  "bottlenecks": [
    "highest p95 latency at target 500: 34.37ms",
    "local file-descriptor safety cap limited effective concurrency for high target levels"
  ],
  "recommendations": [
    "run with a higher --max-active value on hosts with a higher ulimit -n to validate true 5000 simultaneous sockets",
    "compare rssAfterBytes and heapUsedAfterBytes over repeated runs to detect growth trends",
    "profile with node --cpu-prof when p95 latency grows faster than throughput",
    "current benchmark completed without failed requests"
  ]
}
