{
  "generatedAt": "2026-06-23T12:07:02.732Z",
  "options": {
    "levels": [
      100,
      500,
      1000,
      5000
    ],
    "maxActive": 128,
    "payloadBytes": 256,
    "timeoutMs": 2000,
    "bindHost": "127.0.0.1",
    "bindPort": 0,
    "disableIpv6": true
  },
  "scenarios": [
    {
      "targetConcurrency": 100,
      "effectiveConcurrency": 100,
      "totalConnections": 100,
      "successes": 100,
      "failures": 0,
      "bytes": 51200,
      "durationMs": 50.68899999999999,
      "throughputMbps": 8.080648661445284,
      "latencyP50Ms": 22.266041,
      "latencyP95Ms": 31.835707999999997,
      "latencyP99Ms": 32.08320800000001,
      "cpuUserMs": 53.237,
      "cpuSystemMs": 9.531,
      "rssBeforeBytes": 97058816,
      "rssAfterBytes": 106479616,
      "heapUsedBeforeBytes": 13520976,
      "heapUsedAfterBytes": 18236584
    },
    {
      "targetConcurrency": 500,
      "effectiveConcurrency": 128,
      "totalConnections": 500,
      "successes": 500,
      "failures": 0,
      "bytes": 256000,
      "durationMs": 120.440459,
      "throughputMbps": 17.00425269883769,
      "latencyP50Ms": 25.525833000000006,
      "latencyP95Ms": 30.161625000000015,
      "latencyP99Ms": 30.69983399999998,
      "cpuUserMs": 130.033,
      "cpuSystemMs": 38.11,
      "rssBeforeBytes": 106496000,
      "rssAfterBytes": 117473280,
      "heapUsedBeforeBytes": 18260760,
      "heapUsedAfterBytes": 18767896
    },
    {
      "targetConcurrency": 1000,
      "effectiveConcurrency": 128,
      "totalConnections": 1000,
      "successes": 1000,
      "failures": 0,
      "bytes": 512000,
      "durationMs": 174.42150000000004,
      "throughputMbps": 23.483343509831066,
      "latencyP50Ms": 19.83570800000001,
      "latencyP95Ms": 23.770832999999982,
      "latencyP99Ms": 23.915875000000028,
      "cpuUserMs": 227.856,
      "cpuSystemMs": 67.433,
      "rssBeforeBytes": 117473280,
      "rssAfterBytes": 136429568,
      "heapUsedBeforeBytes": 18827528,
      "heapUsedAfterBytes": 25921992
    },
    {
      "targetConcurrency": 5000,
      "effectiveConcurrency": 128,
      "totalConnections": 5000,
      "successes": 5000,
      "failures": 0,
      "bytes": 2560000,
      "durationMs": 652.6536669999999,
      "throughputMbps": 31.37958313195228,
      "latencyP50Ms": 15.772500000000036,
      "latencyP95Ms": 19.495874999999955,
      "latencyP99Ms": 21.568416999999954,
      "cpuUserMs": 507.103,
      "cpuSystemMs": 264.26,
      "rssBeforeBytes": 136429568,
      "rssAfterBytes": 157106176,
      "heapUsedBeforeBytes": 26067744,
      "heapUsedAfterBytes": 16568560
    }
  ],
  "engineStats": {
    "activeConnections": 0,
    "totalConnections": 6600,
    "failedConnections": 0,
    "closedConnections": 6600,
    "rejectedConnections": 0,
    "bytesClientToRemote": 1689600,
    "bytesRemoteToClient": 1689600,
    "totalBytes": 3379200,
    "averageConnectionDurationMs": 1.2637878787878787,
    "failureRate": 0,
    "uptimeMs": 1003,
    "udpPacketsClientToRemote": 0,
    "udpPacketsRemoteToClient": 0,
    "udpBytesClientToRemote": 0,
    "udpBytesRemoteToClient": 0,
    "udpSessionsTotal": 0,
    "udpSessionsActive": 0,
    "udpErrorsTotal": 0,
    "routeMatchesTotal": 6600,
    "outboundFailuresTotal": 0,
    "dnsQueriesTotal": 0,
    "dnsFailuresTotal": 0,
    "hotReloadTotal": 0,
    "hotReloadFailuresTotal": 0,
    "fakeIpAssignmentsTotal": 0,
    "dashboardRequestsTotal": 0,
    "dashboardErrorsTotal": 0
  },
  "leakSnapshot": {
    "activeSockets": 0,
    "activeTimers": 0,
    "activeListeners": 0,
    "trackedEmitters": 0,
    "warnings": []
  },
  "resourceSnapshot": {
    "maxConnections": 5100,
    "activeConnections": 0,
    "rejectedConnections": 0
  },
  "bottlenecks": [
    "highest p95 latency at target 100: 31.84ms",
    "local file-descriptor safety cap limited effective concurrency for high target levels"
  ],
  "recommendations": [
    "run with a higher --max-active value on hosts with a higher ulimit -n to validate true 5000 simultaneous sockets",
    "compare rssAfterBytes and heapUsedAfterBytes over repeated runs to detect growth trends",
    "profile with node --cpu-prof when p95 latency grows faster than throughput",
    "current benchmark completed without failed requests"
  ]
}
