{
  "generatedAt": "2026-06-21T23:11:26.684Z",
  "options": {
    "levels": [
      100,
      500,
      1000,
      5000
    ],
    "maxActive": 128,
    "payloadBytes": 256,
    "timeoutMs": 2000,
    "bindHost": "127.0.0.1",
    "bindPort": 0,
    "disableIpv6": true
  },
  "scenarios": [
    {
      "targetConcurrency": 100,
      "effectiveConcurrency": 100,
      "totalConnections": 100,
      "successes": 100,
      "failures": 0,
      "bytes": 51200,
      "durationMs": 48.44483300000002,
      "throughputMbps": 8.454978057205809,
      "latencyP50Ms": 20.229917,
      "latencyP95Ms": 29.974541000000016,
      "latencyP99Ms": 30.212874999999997,
      "cpuUserMs": 52.013,
      "cpuSystemMs": 10.215,
      "rssBeforeBytes": 96567296,
      "rssAfterBytes": 102547456,
      "heapUsedBeforeBytes": 13379408,
      "heapUsedAfterBytes": 15573288
    },
    {
      "targetConcurrency": 500,
      "effectiveConcurrency": 128,
      "totalConnections": 500,
      "successes": 500,
      "failures": 0,
      "bytes": 256000,
      "durationMs": 129.63545800000003,
      "throughputMbps": 15.798146831093074,
      "latencyP50Ms": 23.729791000000034,
      "latencyP95Ms": 46.520208000000025,
      "latencyP99Ms": 47.712041,
      "cpuUserMs": 128.608,
      "cpuSystemMs": 38.135,
      "rssBeforeBytes": 102563840,
      "rssAfterBytes": 113262592,
      "heapUsedBeforeBytes": 15598648,
      "heapUsedAfterBytes": 21617216
    },
    {
      "targetConcurrency": 1000,
      "effectiveConcurrency": 128,
      "totalConnections": 1000,
      "successes": 1000,
      "failures": 0,
      "bytes": 512000,
      "durationMs": 174.834209,
      "throughputMbps": 23.42790935153886,
      "latencyP50Ms": 19.834625000000017,
      "latencyP95Ms": 26.0865,
      "latencyP99Ms": 27.71908400000001,
      "cpuUserMs": 220.861,
      "cpuSystemMs": 66.255,
      "rssBeforeBytes": 113262592,
      "rssAfterBytes": 133513216,
      "heapUsedBeforeBytes": 21678056,
      "heapUsedAfterBytes": 27293256
    },
    {
      "targetConcurrency": 5000,
      "effectiveConcurrency": 128,
      "totalConnections": 5000,
      "successes": 5000,
      "failures": 0,
      "bytes": 2560000,
      "durationMs": 638.775334,
      "throughputMbps": 32.061350697051175,
      "latencyP50Ms": 15.232834000000025,
      "latencyP95Ms": 20.048958000000084,
      "latencyP99Ms": 22.889458999999988,
      "cpuUserMs": 499.207,
      "cpuSystemMs": 263.758,
      "rssBeforeBytes": 133513216,
      "rssAfterBytes": 152141824,
      "heapUsedBeforeBytes": 27427880,
      "heapUsedAfterBytes": 21293792
    }
  ],
  "engineStats": {
    "activeConnections": 0,
    "totalConnections": 6600,
    "failedConnections": 0,
    "closedConnections": 6600,
    "rejectedConnections": 0,
    "bytesClientToRemote": 1689600,
    "bytesRemoteToClient": 1689600,
    "totalBytes": 3379200,
    "averageConnectionDurationMs": 1.258030303030303,
    "failureRate": 0,
    "uptimeMs": 998,
    "udpPacketsClientToRemote": 0,
    "udpPacketsRemoteToClient": 0,
    "udpBytesClientToRemote": 0,
    "udpBytesRemoteToClient": 0,
    "udpSessionsTotal": 0,
    "udpSessionsActive": 0,
    "udpErrorsTotal": 0,
    "routeMatchesTotal": 6600,
    "outboundFailuresTotal": 0,
    "dnsQueriesTotal": 0,
    "dnsFailuresTotal": 0,
    "hotReloadTotal": 0,
    "hotReloadFailuresTotal": 0,
    "fakeIpAssignmentsTotal": 0,
    "dashboardRequestsTotal": 0,
    "dashboardErrorsTotal": 0
  },
  "leakSnapshot": {
    "activeSockets": 0,
    "activeTimers": 0,
    "activeListeners": 0,
    "trackedEmitters": 0,
    "warnings": []
  },
  "resourceSnapshot": {
    "maxConnections": 5100,
    "activeConnections": 0,
    "rejectedConnections": 0
  },
  "bottlenecks": [
    "highest p95 latency at target 500: 46.52ms",
    "local file-descriptor safety cap limited effective concurrency for high target levels"
  ],
  "recommendations": [
    "run with a higher --max-active value on hosts with a higher ulimit -n to validate true 5000 simultaneous sockets",
    "compare rssAfterBytes and heapUsedAfterBytes over repeated runs to detect growth trends",
    "profile with node --cpu-prof when p95 latency grows faster than throughput",
    "current benchmark completed without failed requests"
  ]
}
